{"cameraMode":{"drawMode":0,"name":"Shaded","section":"Shading Mode"},"sceneLighting":true,"audioPlay":false,"sceneViewState":{"m_AlwaysRefresh":false,"showFog":true,"showSkybox":true,"showFlares":true,"showImageEffects":true,"showParticleSystems":true,"showVisualEffectGraphs":true,"m_FxEnabled":true},"in2DMode":false,"pivot":{"x":-22.809999465942384,"y":0.6100000143051148,"z":8.249110221862793},"rotation":{"x":0.642994225025177,"y":-0.0004609472816810012,"z":0.000386812404030934,"w":0.7658732533454895},"size":1.0923149585723878,"orthographic":false}