{"cameraMode":{"drawMode":0,"name":"Shaded","section":"Shading Mode"},"sceneLighting":true,"audioPlay":false,"sceneViewState":{"m_AlwaysRefresh":false,"showFog":true,"showSkybox":true,"showFlares":true,"showImageEffects":true,"showParticleSystems":true,"showVisualEffectGraphs":true,"m_FxEnabled":true},"in2DMode":false,"pivot":{"x":-26.19803810119629,"y":-1.0343014001846314,"z":-1.1096206903457642},"rotation":{"x":0.642994225025177,"y":-0.0004609472816810012,"z":0.000386812404030934,"w":0.7658732533454895},"size":18.235185623168947,"orthographic":false}